Id,POINT_X,POINT_Y
1,529396.53939500000,181025.06304700000
2,529192.53786800000,181079.39138000000
3,529183.73976600000,181193.73501300000
4,529748.91108900000,180924.20725100000
5,529613.20523800000,180896.80412100000
6,529453.58599500000,180826.35315200000
7,529593.72704300000,180660.45474900000
8,529296.10441900000,180794.84903700000
